ID_OLIVO,Rango,Predicci√≥n,Variedad_Original
407_indv_1,Media,AR,AR
407_indv_10,Media,AR,AR
407_indv_11,Media,AR,AR
407_indv_12,Media,AR,AR
407_indv_13,Media,AR,AR
407_indv_14,Media,AR,AR
407_indv_15,Media,AR,AR
407_indv_16,Media,AR,AR
407_indv_17,Media,AR,AR
407_indv_18,Media,AR,AR
407_indv_2,Media,AR,AR
407_indv_3,Media,AR,AR
407_indv_4,Media,AR,AR
407_indv_5,Media,AR,AR
407_indv_6,Media,AR,AR
407_indv_7,Media,AR,AR
407_indv_8,Media,AR,AR
407_indv_9,Media,AR,AR
407_indv_1,Rango_menos1,NO AR,AR
407_indv_10,Rango_menos1,NO AR,AR
407_indv_11,Rango_menos1,NO AR,AR
407_indv_12,Rango_menos1,NO AR,AR
407_indv_13,Rango_menos1,NO AR,AR
407_indv_14,Rango_menos1,NO AR,AR
407_indv_15,Rango_menos1,NO AR,AR
407_indv_16,Rango_menos1,NO AR,AR
407_indv_17,Rango_menos1,NO AR,AR
407_indv_18,Rango_menos1,NO AR,AR
407_indv_2,Rango_menos1,NO AR,AR
407_indv_3,Rango_menos1,NO AR,AR
407_indv_4,Rango_menos1,NO AR,AR
407_indv_5,Rango_menos1,NO AR,AR
407_indv_6,Rango_menos1,NO AR,AR
407_indv_7,Rango_menos1,NO AR,AR
407_indv_8,Rango_menos1,NO AR,AR
407_indv_9,Rango_menos1,NO AR,AR
407_indv_1,Rango_menos2,NO AR,AR
407_indv_10,Rango_menos2,NO AR,AR
407_indv_11,Rango_menos2,NO AR,AR
407_indv_12,Rango_menos2,NO AR,AR
407_indv_13,Rango_menos2,NO AR,AR
407_indv_14,Rango_menos2,NO AR,AR
407_indv_15,Rango_menos2,NO AR,AR
407_indv_16,Rango_menos2,NO AR,AR
407_indv_17,Rango_menos2,NO AR,AR
407_indv_18,Rango_menos2,NO AR,AR
407_indv_2,Rango_menos2,NO AR,AR
407_indv_3,Rango_menos2,NO AR,AR
407_indv_4,Rango_menos2,NO AR,AR
407_indv_5,Rango_menos2,NO AR,AR
407_indv_6,Rango_menos2,NO AR,AR
407_indv_7,Rango_menos2,NO AR,AR
407_indv_8,Rango_menos2,NO AR,AR
407_indv_9,Rango_menos2,NO AR,AR
407_indv_1,Rango_1,NO AR,AR
407_indv_10,Rango_1,NO AR,AR
407_indv_11,Rango_1,NO AR,AR
407_indv_12,Rango_1,NO AR,AR
407_indv_13,Rango_1,NO AR,AR
407_indv_14,Rango_1,NO AR,AR
407_indv_15,Rango_1,NO AR,AR
407_indv_16,Rango_1,NO AR,AR
407_indv_17,Rango_1,NO AR,AR
407_indv_18,Rango_1,NO AR,AR
407_indv_2,Rango_1,NO AR,AR
407_indv_3,Rango_1,NO AR,AR
407_indv_4,Rango_1,NO AR,AR
407_indv_5,Rango_1,NO AR,AR
407_indv_6,Rango_1,NO AR,AR
407_indv_7,Rango_1,NO AR,AR
407_indv_8,Rango_1,NO AR,AR
407_indv_9,Rango_1,NO AR,AR
407_indv_1,Rango_2,AR,AR
407_indv_10,Rango_2,AR,AR
407_indv_11,Rango_2,AR,AR
407_indv_12,Rango_2,AR,AR
407_indv_13,Rango_2,AR,AR
407_indv_14,Rango_2,AR,AR
407_indv_15,Rango_2,AR,AR
407_indv_16,Rango_2,AR,AR
407_indv_17,Rango_2,AR,AR
407_indv_18,Rango_2,AR,AR
407_indv_2,Rango_2,AR,AR
407_indv_3,Rango_2,AR,AR
407_indv_4,Rango_2,AR,AR
407_indv_5,Rango_2,AR,AR
407_indv_6,Rango_2,AR,AR
407_indv_7,Rango_2,AR,AR
407_indv_8,Rango_2,AR,AR
407_indv_9,Rango_2,AR,AR
407_indv_1,Rango_3,AR,AR
407_indv_10,Rango_3,AR,AR
407_indv_11,Rango_3,AR,AR
407_indv_12,Rango_3,AR,AR
407_indv_13,Rango_3,AR,AR
407_indv_14,Rango_3,AR,AR
407_indv_15,Rango_3,AR,AR
407_indv_16,Rango_3,AR,AR
407_indv_17,Rango_3,AR,AR
407_indv_18,Rango_3,AR,AR
407_indv_2,Rango_3,AR,AR
407_indv_3,Rango_3,AR,AR
407_indv_4,Rango_3,AR,AR
407_indv_5,Rango_3,AR,AR
407_indv_6,Rango_3,AR,AR
407_indv_7,Rango_3,AR,AR
407_indv_8,Rango_3,AR,AR
407_indv_9,Rango_3,AR,AR
